values,name,day,,
1490.426718,jacobi,1,,
2299.33012,jacobi,2,,
1644.790215,jacobi,3,,
1295.739964,jacobi,4,,
1417.524977,jacobi,5,,
1733.189181,jacobi,6,,
1985.873948,jacobi,7,,
2061.422251,jacobi,8,,
1969.666585,jacobi,9,,
1785.72172,jacobi,10,,
1596.505685,jacobi,11,,
1467.403006,jacobi,12,,
1429.258214,jacobi,13,,
1480.092687,jacobi,14,,
1594.86993,jacobi,15,,
1737.743857,jacobi,16,,
1873.052243,jacobi,17,,
1973.100077,jacobi,18,,
2022.178966,jacobi,19,,
2017.198625,jacobi,20,,
1965.803814,jacobi,21,,
1883.009858,jacobi,22,,
1787.320294,jacobi,23,,
1697.089654,jacobi,24,,
1627.641189,jacobi,25,,
1589.398961,jacobi,26,,
1587.080662,jacobi,27,,
1619.83872,jacobi,28,,
1682.137009,jacobi,29,,
1765.103908,jacobi,30,,
1858.100127,jacobi,31,,
1950.269434,jacobi,32,,
2031.890293,jacobi,33,,
2095.405586,jacobi,34,,
2136.067133,jacobi,35,,
2152.185426,jacobi,36,,
2145.018387,jacobi,37,,
2118.364233,jacobi,38,,
2077.942216,jacobi,39,,
2030.651899,jacobi,40,,
1983.798796,jacobi,41,,
1944.363679,jacobi,42,,
1918.37713,jacobi,43,,
1910.442534,jacobi,44,,
1923.431516,jacobi,45,,
1958.357831,jacobi,46,,
2014.419809,jacobi,47,,
2089.189366,jacobi,48,,
2178.915945,jacobi,49,,
2278.909724,jacobi,50,,
2383.965578,jacobi,51,,
2488.791886,jacobi,52,,
2588.411313,jacobi,53,,
2678.507259,jacobi,54,,
2755.695667,jacobi,55,,
2817.710489,jacobi,56,,
2863.497027,jacobi,57,,
2893.216197,jacobi,58,,
2908.164935,jacobi,59,,
2910.628577,jacobi,60,,
2903.677386,jacobi,61,,
2890.925991,jacobi,62,,
2876.275738,jacobi,63,,
2863.654007,jacobi,64,,
2856.769323,jacobi,65,,
2858.895581,jacobi,66,,
2872.695063,jacobi,67,,
2900.087353,jacobi,68,,
2942.172203,jacobi,69,,
2999.200565,jacobi,70,,
3070.598746,jacobi,71,,
3155.033691,jacobi,72,,
3250.521376,jacobi,73,,
3354.560766,jacobi,74,,
3464.288185,jacobi,75,,
3576.649324,jacobi,76,,
3688.562386,jacobi,77,,
3797.080188,jacobi,78,,
3899.536134,jacobi,79,,
3993.667284,jacobi,80,,
4077.710651,jacobi,81,,
4150.472146,jacobi,82,,
4211.357839,jacobi,83,,
4260.3778,jacobi,84,,
4298.128326,jacobi,85,,
4325.728286,jacobi,86,,
4344.749693,jacobi,87,,
4357.121771,jacobi,88,,
4365.016775,jacobi,89,,
4370.766539,jacobi,90,,
4376.699894,jacobi,91,,
4385.070562,jacobi,92,,
4397.949558,jacobi,93,,
4417.101266,jacobi,94,,
4443.963819,jacobi,95,,
4479.556968,jacobi,96,,
4524.449743,jacobi,97,,
4578.781421,jacobi,98,,
4642.175761,jacobi,99,,
4713.926104,jacobi,100,,
4792.899568,jacobi,101,,
4877.626168,jacobi,102,,
4966.416021,jacobi,103,,
5057.374633,jacobi,104,,
5148.568701,jacobi,105,,
5237.99601,jacobi,106,,
5323.79718,jacobi,107,,
5404.241488,jacobi,108,,
5477.806272,jacobi,109,,
5543.247652,jacobi,110,,
5599.711985,jacobi,111,,
5646.609894,jacobi,112,,
5683.847722,jacobi,113,,
5711.597688,jacobi,114,,
5730.388435,jacobi,115,,
5741.265627,jacobi,116,,
5745.295999,jacobi,117,,
5744.05728,jacobi,118,,
5739.121931,jacobi,119,,
5732.415457,jacobi,120,,
5725.519184,jacobi,121,,
5720.592877,jacobi,122,,
5718.999958,jacobi,123,,
5722.720149,jacobi,124,,
5732.880131,jacobi,125,,
5750.99519,jacobi,126,,
5777.455165,jacobi,127,,
5813.159616,jacobi,128,,
5858.159478,jacobi,129,,
5912.064918,jacobi,130,,
5974.777729,jacobi,131,,
6045.213751,jacobi,132,,
6122.287151,jacobi,133,,
6204.43029,jacobi,134,,
6290.059826,jacobi,135,,
6377.424875,jacobi,136,,
6464.229726,jacobi,137,,
6548.69045,jacobi,138,,
6628.644312,jacobi,139,,
6702.221594,jacobi,140,,
6767.438161,jacobi,141,,
6822.44291,jacobi,142,,
6866.103519,jacobi,143,,
6896.950931,jacobi,144,,
6913.809865,jacobi,145,,
6916.245524,jacobi,146,,
6903.709815,jacobi,147,,
6877.488365,jacobi,148,,
6836.268488,jacobi,149,,
6782.054972,jacobi,150,,
6715.483844,jacobi,151,,
6637.558354,jacobi,152,,
6550.346956,jacobi,153,,
6455.603369,jacobi,154,,
6355.459196,jacobi,155,,
6251.23239,jacobi,156,,
6145.911014,jacobi,157,,
6040.029332,jacobi,158,,
5937.886538,jacobi,159,,
5839.890087,jacobi,160,,
5749.059275,jacobi,161,,
5666.279965,jacobi,162,,
5594.167776,jacobi,163,,
5528.37588,jacobi,164,,
5477.988788,jacobi,165,,
5435.940693,jacobi,166,,
5411.516517,jacobi,167,,
5394.585844,jacobi,168,,
5391.384065,jacobi,169,,
5399.971168,jacobi,170,,
5415.678998,jacobi,171,,
5442.474007,jacobi,172,,
5477.733441,jacobi,173,,
5517.223452,jacobi,174,,
5560.674981,jacobi,175,,
5608.479815,jacobi,176,,
5656.440066,jacobi,177,,
5703.449088,jacobi,178,,
5744.010284,jacobi,179,,
5786.48307,jacobi,180,,
5819.86291,jacobi,181,,
5842.044308,jacobi,182,,
5856.553919,jacobi,183,,
5863.723719,jacobi,184,,
5867.015948,jacobi,185,,
5848.721668,jacobi,186,,
5824.189867,jacobi,187,,
5779.66567,jacobi,188,,
5739.991709,jacobi,189,,
5686.997349,jacobi,190,,
5620.566376,jacobi,191,,
5541.361479,jacobi,192,,
5461.426995,jacobi,193,,
5383.364099,jacobi,194,,
5298.250626,jacobi,195,,
5201.844755,jacobi,196,,
5110.157863,jacobi,197,,
5025.542003,jacobi,198,,
4935.828677,jacobi,199,,
4866.513858,jacobi,200,,
4779.273311,jacobi,201,,
4721.209355,jacobi,202,,
4668.019239,jacobi,203,,
4622.549817,jacobi,204,,
4586.236558,jacobi,205,,
4546.373198,jacobi,206,,
4549.740695,jacobi,207,,
4536.78054,jacobi,208,,
4542.81378,jacobi,209,,
4581.428614,jacobi,210,,
4620.999953,jacobi,211,,
4648.841498,jacobi,212,,
4707.16356,jacobi,213,,
4795.322047,jacobi,214,,
4871.930612,jacobi,215,,
4921.137005,jacobi,216,,
5037.564253,jacobi,217,,
5103.68642,jacobi,218,,
5171.941186,jacobi,219,,
5255.346294,jacobi,220,,
5347.152364,jacobi,221,,
5428.252566,jacobi,222,,
5479.143152,jacobi,223,,
5590.135272,jacobi,224,,
5644.083098,jacobi,225,,
5705.851871,jacobi,226,,
5766.133067,jacobi,227,,
5778.110749,jacobi,228,,
5832.683922,jacobi,229,,
5859.25834,jacobi,230,,
5888.808798,jacobi,231,,
5860.721857,jacobi,232,,
5865.193656,jacobi,233,,
5842.898587,jacobi,234,,
5863.659949,jacobi,235,,
5819.224587,jacobi,236,,
5753.739962,jacobi,237,,
5763.977972,jacobi,238,,
5698.258773,jacobi,239,,
5623.226181,jacobi,240,,
5614.366148,jacobi,241,,
5612.01493,jacobi,242,,
5598.99087,jacobi,243,,
5591.24358,jacobi,244,,
5594.334435,jacobi,245,,
5530.251294,jacobi,246,,
5551.714182,jacobi,247,,
5557.648047,jacobi,248,,
5578.359141,jacobi,249,,
5675.563328,jacobi,250,,
5594.773356,jacobi,251,,
5636.315563,jacobi,252,,
5747.353522,jacobi,253,,
5742.692103,jacobi,254,,
5872.144559,jacobi,255,,
5968.56038,jacobi,256,,
6025.482251,jacobi,257,,
6156.452863,jacobi,258,,
6226.440772,jacobi,259,,
6421.579306,jacobi,260,,
6457.115401,jacobi,261,,
6529.736706,jacobi,262,,
6658.308913,jacobi,263,,
6783.116461,jacobi,264,,
7069.965526,jacobi,265,,
7057.883839,jacobi,266,,
7053.81466,jacobi,267,,
7333.77784,jacobi,268,,
7345.855975,jacobi,269,,
7504.410974,jacobi,270,,
7508.122205,jacobi,271,,
7613.525742,jacobi,272,,
7660.990851,jacobi,273,,
7676.975949,jacobi,274,,
7844.553176,jacobi,275,,
8124.949156,jacobi,276,,
7903.995721,jacobi,277,,
8002.673608,jacobi,278,,
8027.681211,jacobi,279,,
7890.481043,jacobi,280,,
7946.607803,jacobi,281,,
8064.733396,jacobi,282,,
7947.450086,jacobi,283,,
8056.252813,jacobi,284,,
8237.81978,jacobi,285,,
7925.678117,jacobi,286,,
8122.882781,jacobi,287,,
8089.665745,jacobi,288,,
8060.781568,jacobi,289,,
8333.025494,jacobi,290,,
8064.220521,jacobi,291,,
8202.513152,jacobi,292,,
8314.911037,jacobi,293,,
8490.957591,jacobi,294,,
8634.310584,jacobi,295,,
8995.121005,jacobi,296,,
9023.771224,jacobi,297,,
8897.054744,jacobi,298,,
9062.287656,jacobi,299,,
9153.620403,jacobi,300,,
9130.243852,jacobi,301,,
9449.28245,jacobi,302,,
9990.130119,jacobi,303,,
9887.184446,jacobi,304,,
10078.23346,jacobi,305,,
10316.12258,jacobi,306,,
10215.74247,jacobi,307,,
10039.4115,jacobi,308,,
10703.89177,jacobi,309,,
10787.83987,jacobi,310,,
10789.6292,jacobi,311,,
11423.21424,jacobi,312,,
11018.97082,jacobi,313,,
11625.20303,jacobi,314,,
11285.36156,jacobi,315,,
11498.07578,jacobi,316,,
11583.50911,jacobi,317,,
12264.49725,jacobi,318,,
11530.20423,jacobi,319,,
11658.80812,jacobi,320,,
12208.31947,jacobi,321,,
12180.22992,jacobi,322,,
11724.05536,jacobi,323,,
12348.28473,jacobi,324,,
11700.14054,jacobi,325,,
12108.53383,jacobi,326,,
11674.70702,jacobi,327,,
11904.30215,jacobi,328,,
11351.23894,jacobi,329,,
11350.52401,jacobi,330,,
11448.27643,jacobi,331,,
10617.04972,jacobi,332,,
11266.35496,jacobi,333,,
10545.33287,jacobi,334,,
11053.90368,jacobi,335,,
10136.31653,jacobi,336,,
10682.17126,jacobi,337,,
10359.34332,jacobi,338,,
9672.478571,jacobi,339,,
10188.26169,jacobi,340,,
9338.665219,jacobi,341,,
9150.857384,jacobi,342,,
9022.927114,jacobi,343,,
8892.183176,jacobi,344,,
8326.071012,jacobi,345,,
8417.930778,jacobi,346,,
8405.946005,jacobi,347,,
7739.557318,jacobi,348,,
7730.297901,jacobi,349,,
7030.093948,jacobi,350,,
7173.076294,jacobi,351,,
7334.754936,jacobi,352,,
6976.398514,jacobi,353,,
6288.214368,jacobi,354,,
6226.563414,jacobi,355,,
6876.44565,jacobi,356,,
6190.401637,jacobi,357,,
5000.341316,jacobi,358,,
6328.460694,jacobi,359,,
5371.33465,jacobi,360,,
6002.557411,jacobi,361,,
5382.051854,jacobi,362,,
6208.116148,jacobi,363,,
6112.332277,jacobi,364,,
6193.230972,jacobi,365,,
5473.941993,jacobi,366,,
5496.572188,jacobi,367,,
4490.073732,jacobi,368,,
4977.851046,jacobi,369,,
5922.003285,jacobi,370,,
5910.944709,jacobi,371,,
5203.472559,jacobi,372,,
5355.789142,jacobi,373,,
4810.37729,jacobi,374,,
4564.32463,jacobi,375,,
5810.662145,jacobi,376,,
5294.692052,jacobi,377,,
5354.258746,jacobi,378,,
4546.566746,jacobi,379,,
4778.460878,jacobi,380,,
4208.501039,jacobi,381,,
3766.960648,jacobi,382,,
4962.144033,jacobi,383,,
5381.467697,jacobi,384,,
4957.551031,jacobi,385,,
6107.750482,jacobi,386,,
3363.93573,jacobi,387,,
4728.959925,jacobi,388,,
5424.013475,jacobi,389,,
4883.1916,jacobi,390,,
4908.857138,jacobi,391,,
3810.02283,jacobi,392,,
4573.157287,jacobi,393,,
5345.531074,jacobi,394,,
2874.872681,jacobi,395,,
5093.619986,jacobi,396,,
4779.134033,jacobi,397,,
4671.19595,jacobi,398,,
4066.310331,jacobi,399,,
4480.986639,jacobi,400,,
4357.789979,jacobi,401,,
3799.059083,jacobi,402,,
3920.240119,jacobi,403,,
4661.051287,jacobi,404,,
3768.313893,jacobi,405,,
4964.96597,jacobi,406,,
4036.068954,jacobi,407,,
4453.737873,jacobi,408,,
4763.526106,jacobi,409,,
4929.363061,jacobi,410,,
3079.193234,jacobi,411,,
4921.444831,jacobi,412,,
4307.348578,jacobi,413,,
4112.942946,jacobi,414,,
4029.301231,jacobi,415,,
3233.59645,jacobi,416,,
4080.118993,jacobi,417,,
2278.356137,jacobi,418,,
4414.786061,jacobi,419,,
2355.092186,jacobi,420,,
2727.49745,jacobi,421,,
3303.381402,jacobi,422,,
3934.194997,jacobi,423,,
2793.490057,jacobi,424,,
3950.991837,jacobi,425,,
3288.701164,jacobi,426,,
3723.775845,jacobi,427,,
3116.498722,jacobi,428,,
2336.674253,jacobi,429,,
4969.270331,jacobi,430,,
3735.062678,jacobi,431,,
5019.163458,jacobi,432,,
2273.893109,jacobi,433,,
2055.091517,jacobi,434,,
4368.506402,jacobi,435,,
3698.101815,jacobi,436,,
3837.482574,jacobi,437,,
4082.967394,jacobi,438,,
2953.787932,jacobi,439,,
3819.443015,jacobi,440,,
1254.137199,jacobi,441,,
1938.933763,jacobi,442,,
3519.031862,jacobi,443,,
2832.23721,jacobi,444,,
5385.540418,jacobi,445,,
3265.200858,jacobi,446,,
3593.917978,jacobi,447,,
3088.069512,jacobi,448,,
3653.837989,jacobi,449,,
4265.771654,jacobi,450,,
2316.129967,jacobi,451,,
3546.761096,jacobi,452,,
2919.640251,jacobi,453,,
4032.92866,jacobi,454,,
3391.455026,jacobi,455,,
1908.844047,jacobi,456,,
3715.163253,jacobi,457,,
3449.346791,jacobi,458,,
2858.757671,jacobi,459,,
3903.866063,jacobi,460,,
4167.893967,jacobi,461,,
3074.231458,jacobi,462,,
3218.046092,jacobi,463,,
3409.654454,jacobi,464,,
2923.540793,jacobi,465,,
4533.062812,jacobi,466,,
4059.133073,jacobi,467,,
3781.120771,jacobi,468,,
4717.198367,jacobi,469,,
2643.973219,jacobi,470,,
3606.706759,jacobi,471,,
2665.602807,jacobi,472,,
2894.989306,jacobi,473,,
2843.287638,jacobi,474,,
3584.134807,jacobi,475,,
5259.370809,jacobi,476,,
2771.297654,jacobi,477,,
3180.166131,jacobi,478,,
2527.090335,jacobi,479,,
4769.476737,jacobi,480,,
4527.91468,jacobi,481,,
3159.898928,jacobi,482,,
4480.191599,jacobi,483,,
5651.525037,jacobi,484,,
4245.72629,jacobi,485,,
4088.996664,jacobi,486,,
5086.702099,jacobi,487,,
5956.342723,jacobi,488,,
5766.624145,jacobi,489,,
5869.359477,jacobi,490,,
4189.319142,jacobi,491,,
6100.223015,jacobi,492,,
5575.591604,jacobi,493,,
6832.045185,jacobi,494,,
6680.692025,jacobi,495,,
7227.791659,jacobi,496,,
8441.312045,jacobi,497,,
8163.609237,jacobi,498,,
7999.753294,jacobi,499,,
9705.576857,jacobi,500,,
8722.918763,jacobi,501,,
8846.164924,jacobi,502,,
10480.30679,jacobi,503,,
9409.656997,jacobi,504,,
9493.186508,jacobi,505,,
10239.54857,jacobi,506,,
10335.3651,jacobi,507,,
10480.60571,jacobi,508,,
11794.90916,jacobi,509,,
11978.80596,jacobi,510,,
11939.20333,jacobi,511,,
12145.03535,jacobi,512,,
12261.25511,jacobi,513,,
12782.28208,jacobi,514,,
12496.27399,jacobi,515,,
13393.80695,jacobi,516,,
12872.24168,jacobi,517,,
12827.23062,jacobi,518,,
12886.77628,jacobi,519,,
13866.58068,jacobi,520,,
13054.52514,jacobi,521,,
13463.58057,jacobi,522,,
13306.0635,jacobi,523,,
14946.50305,jacobi,524,,
14138.23972,jacobi,525,,
15114.87966,jacobi,526,,
15715.76061,jacobi,527,,
15230.39011,jacobi,528,,
13704.94266,jacobi,529,,
14960.79574,jacobi,530,,
15091.24905,jacobi,531,,
15908.11284,jacobi,532,,
14107.1744,jacobi,533,,
14223.6652,jacobi,534,,
14953.10875,jacobi,535,,
13285.03332,jacobi,536,,
13915.31701,jacobi,537,,
14023.74729,jacobi,538,,
14478.29414,jacobi,539,,
14723.85216,jacobi,540,,
14454.29187,jacobi,541,,
14088.60938,jacobi,542,,
14048.82885,jacobi,543,,
13018.82683,jacobi,544,,
12545.82918,jacobi,545,,
13674.17454,jacobi,546,,
12801.1769,jacobi,547,,
13020.54685,jacobi,548,,
12972.91667,jacobi,549,,
12339.30933,jacobi,550,,
11307.3201,jacobi,551,,
10877.53844,jacobi,552,,
10228.9671,jacobi,553,,
10975.71151,jacobi,554,,
10801.28972,jacobi,555,,
10167.71272,jacobi,556,,
8750.669825,jacobi,557,,
9469.010236,jacobi,558,,
8931.052545,jacobi,559,,
8536.52674,jacobi,560,,
8540.107812,jacobi,561,,
8798.167466,jacobi,562,,
7624.361745,jacobi,563,,
8123.93772,jacobi,564,,
7270.214822,jacobi,565,,
7925.927876,jacobi,566,,
7274.653091,jacobi,567,,
7284.196086,jacobi,568,,
7316.782422,jacobi,569,,
7090.440292,jacobi,570,,
6871.158715,jacobi,571,,
6329.554229,jacobi,572,,
6696.171177,jacobi,573,,
6305.756038,jacobi,574,,
6847.487898,jacobi,575,,
6655.311395,jacobi,576,,
6215.685476,jacobi,577,,
6308.869063,jacobi,578,,
6534.090806,jacobi,579,,
6075.299546,jacobi,580,,
6101.993602,jacobi,581,,
6255.824003,jacobi,582,,
5930.83807,jacobi,583,,
6749.836724,jacobi,584,,
6797.963828,jacobi,585,,
6645.287651,jacobi,586,,
6219.798815,jacobi,587,,
6196.805515,jacobi,588,,
5914.068631,jacobi,589,,
6381.317428,jacobi,590,,
6139.028161,jacobi,591,,
6041.576584,jacobi,592,,
6207.191538,jacobi,593,,
6006.156467,jacobi,594,,
5702.465868,jacobi,595,,
5668.990784,jacobi,596,,
5276.701285,jacobi,597,,
5193.067088,jacobi,598,,
5058.710003,jacobi,599,,
4935.320619,jacobi,600,,
4962.196191,jacobi,601,,
4504.072259,jacobi,602,,
4364.13759,jacobi,603,,
4489.797593,jacobi,604,,
4029.842212,jacobi,605,,
3203.817241,jacobi,606,,
3143.990603,jacobi,607,,
3393.98295,jacobi,608,,
2781.308075,jacobi,609,,
2954.549689,jacobi,610,,
2716.366702,jacobi,611,,
2518.158769,jacobi,612,,
2557.537487,jacobi,613,,
2526.3871,jacobi,614,,
2520.098537,jacobi,615,,
2580.742054,jacobi,616,,
2496.629115,jacobi,617,,
2415.440561,jacobi,618,,
2340.267281,jacobi,619,,
2591.004715,jacobi,620,,
2459.377368,jacobi,621,,
3068.265817,jacobi,622,,
3215.738903,jacobi,623,,
3385.503451,jacobi,624,,
3337.757319,jacobi,625,,
3808.892583,jacobi,626,,
3864.3469,jacobi,627,,
4146.757129,jacobi,628,,
4387.91619,jacobi,629,,
4494.337122,jacobi,630,,
4749.495638,jacobi,631,,
4981.624858,jacobi,632,,
5078.302318,jacobi,633,,
5315.400643,jacobi,634,,
5583.75089,jacobi,635,,
5640.566514,jacobi,636,,
5577.642952,jacobi,637,,
5358.743095,jacobi,638,,
5439.310523,jacobi,639,,
5363.551902,jacobi,640,,
5184.798,jacobi,641,,
5033.31269,jacobi,642,,
4825.570223,jacobi,643,,
4487.56057,jacobi,644,,
4301.918037,jacobi,645,,
3838.738625,jacobi,646,,
3404.220412,jacobi,647,,
3059.630886,jacobi,648,,
2720.352647,jacobi,649,,
2265.25769,jacobi,650,,
1920.679574,jacobi,651,,
1453.922759,jacobi,652,,
1146.865243,jacobi,653,,
716.4309374,jacobi,654,,
411.0939484,jacobi,655,,
201.5514872,jacobi,656,,
59.63503974,jacobi,657,,
0,jacobi,658,,
54.02774385,jacobi,659,,
239.1102518,jacobi,660,,
448.5611372,jacobi,661,,
740.0639538,jacobi,662,,
1227.986379,jacobi,663,,
1807.890867,jacobi,664,,
2607.932992,jacobi,665,,
3476.895325,jacobi,666,,
4454.932432,jacobi,667,,
5519.636932,jacobi,668,,
6819.262658,jacobi,669,,
8238.294942,jacobi,670,,
9714.003534,jacobi,671,,
11257.99006,jacobi,672,,
12931.43666,jacobi,673,,
14733.68906,jacobi,674,,
16533.12225,jacobi,675,,
18414.87061,jacobi,676,,
20268.26149,jacobi,677,,
22180.1662,jacobi,678,,
24083.01885,jacobi,679,,
25938.00582,jacobi,680,,
27739.7205,jacobi,681,,
29499.17482,jacobi,682,,
31175.46691,jacobi,683,,
32726.82736,jacobi,684,,
34132.58754,jacobi,685,,
35420.36422,jacobi,686,,
36582.19244,jacobi,687,,
37550.25841,jacobi,688,,
38339.81543,jacobi,689,,
38904.67463,jacobi,690,,
39303.27972,jacobi,691,,
39511.62895,jacobi,692,,
39466.66793,jacobi,693,,
39269.04918,jacobi,694,,
38838.17551,jacobi,695,,
38228.78832,jacobi,696,,
37405.57242,jacobi,697,,
36421.07727,jacobi,698,,
35262.77728,jacobi,699,,
33976.31377,jacobi,700,,
32535.70599,jacobi,701,,
30974.18808,jacobi,702,,
29329.47965,jacobi,703,,
27607.84488,jacobi,704,,
25816.63103,jacobi,705,,
24011.06539,jacobi,706,,
22174.51287,jacobi,707,,
20356.69787,jacobi,708,,
18567.27839,jacobi,709,,
16815.1168,jacobi,710,,
15159.36337,jacobi,711,,
13561.47264,jacobi,712,,
12062.92026,jacobi,713,,
10666.66412,jacobi,714,,
9398.21223,jacobi,715,,
8258.091199,jacobi,716,,
7248.612501,jacobi,717,,
6376.628717,jacobi,718,,
5638.1422,jacobi,719,,
5037.796823,jacobi,720,,
4557.514371,jacobi,721,,
4205.960606,jacobi,722,,
3960.785203,jacobi,723,,
3831.438957,jacobi,724,,
3783.284789,jacobi,725,,
3821.682993,jacobi,726,,
3924.670694,jacobi,727,,
4070.071697,jacobi,728,,
4266.490381,jacobi,729,,
4474.074887,jacobi,730,,
4694.029238,jacobi,731,,
4911.889196,jacobi,732,,
5106.529474,jacobi,733,,
5281.432559,jacobi,734,,
5413.668765,jacobi,735,,
5505.226259,jacobi,736,,
5541.328601,jacobi,737,,
5529.76776,jacobi,738,,
5460.442576,jacobi,739,,
5334.504047,jacobi,740,,
5156.333582,jacobi,741,,
4928.553288,jacobi,742,,
4654.209099,jacobi,743,,
4344.635816,jacobi,744,,
4005.150528,jacobi,745,,
3643.696911,jacobi,746,,
3271.444818,jacobi,747,,
2896.210589,jacobi,748,,
2532.231169,jacobi,749,,
2183.935992,jacobi,750,,
1863.534206,jacobi,751,,
1578.068259,jacobi,752,,
1333.858659,jacobi,753,,
1135.937046,jacobi,754,,
990.7067347,jacobi,755,,
899.1614518,jacobi,756,,
861.9664101,jacobi,757,,
878.6231907,jacobi,758,,
946.9175658,jacobi,759,,
1062.865291,jacobi,760,,
1220.496178,jacobi,761,,
1412.491559,jacobi,762,,
1631.281158,jacobi,763,,
1868.471014,jacobi,764,,
2115.672563,jacobi,765,,
2361.791378,jacobi,766,,
2598.737915,jacobi,767,,
2817.685281,jacobi,768,,
3010.46749,jacobi,769,,
3170.071728,jacobi,770,,
3290.891176,jacobi,771,,
3368.358618,jacobi,772,,
3400.009106,jacobi,773,,
3384.802422,jacobi,774,,
3323.69265,jacobi,775,,
3218.670045,jacobi,776,,
3073.864091,jacobi,777,,
2895.303657,jacobi,778,,
2689.651591,jacobi,779,,
2464.701172,jacobi,780,,
2229.183269,jacobi,781,,
1992.242517,jacobi,782,,
1762.879246,jacobi,783,,
1550.039827,jacobi,784,,
1361.877492,jacobi,785,,
1205.678128,jacobi,786,,
1087.601239,jacobi,787,,
1011.983166,jacobi,788,,
981.7525014,jacobi,789,,
997.8846155,jacobi,790,,
1059.537685,jacobi,791,,
1163.906886,jacobi,792,,
1306.574473,jacobi,793,,
1481.235051,jacobi,794,,
1680.631513,jacobi,795,,
1896.08837,jacobi,796,,
2118.481967,jacobi,797,,
2338.258919,jacobi,798,,
2546.069097,jacobi,799,,
2733.066159,jacobi,800,,
2891.453008,jacobi,801,,
3014.687899,jacobi,802,,
3097.967968,jacobi,803,,
3138.419905,jacobi,804,,
3135.242609,jacobi,805,,
3089.862534,jacobi,806,,
3005.88742,jacobi,807,,
2889.007322,jacobi,808,,
2746.702836,jacobi,809,,
2587.992289,jacobi,810,,
2422.993381,jacobi,811,,
2262.436144,jacobi,812,,
2117.164154,jacobi,813,,
1997.569074,jacobi,814,,
1913.052053,jacobi,815,,
1871.498322,jacobi,816,,
1878.865958,jacobi,817,,
1938.781297,jacobi,818,,
2052.32272,jacobi,819,,
2217.907412,jacobi,820,,
2431.311429,jacobi,821,,
2685.868861,jacobi,822,,
2972.815631,jacobi,823,,
3281.780456,jacobi,824,,
3601.372855,jacobi,825,,
3919.901577,jacobi,826,,
4226.124687,jacobi,827,,
4510.032431,jacobi,828,,
4763.580235,jacobi,829,,
4981.362338,jacobi,830,,
5161.144238,jacobi,831,,
5304.22432,jacobi,832,,
5415.591229,jacobi,833,,
5503.841218,jacobi,834,,
5580.85331,jacobi,835,,
5661.208509,jacobi,836,,
5761.391912,jacobi,837,,
5898.795604,jacobi,838,,
6090.593176,jacobi,839,,
6352.537453,jacobi,840,,
6697.776952,jacobi,841,,
7135.769541,jacobi,842,,
7671.384405,jacobi,843,,
8304.277956,jacobi,844,,
9028.613145,jacobi,845,,
9833.17315,jacobi,846,,
10701.89525,jacobi,847,,
11614.81351,jacobi,848,,
12549.37221,jacobi,849,,
13482.01882,jacobi,850,,
14389.96565,jacobi,851,,
15252.96807,jacobi,852,,
16054.95135,jacobi,853,,
16785.30919,jacobi,854,,
17439.70529,jacobi,855,,
18020.23922,jacobi,856,,
18534.88368,jacobi,857,,
18996.16898,jacobi,858,,
19419.17293,jacobi,859,,
19818.96768,jacobi,860,,
20207.76959,jacobi,861,,
20592.12356,jacobi,862,,
20970.51478,jacobi,863,,
21331.82573,jacobi,864,,
21655.03018,jacobi,865,,
21910.42645,jacobi,866,,
22062.55491,jacobi,867,,
22074.71904,jacobi,868,,
21914.7493,jacobi,869,,
21561.33909,jacobi,870,,
21009.98515,jacobi,871,,
20277.33567,jacobi,872,,
19402.66085,jacobi,873,,
18445.28798,jacobi,874,,
17477.26129,jacobi,875,,
16571.24746,jacobi,876,,
15784.81842,jacobi,877,,
15143.63333,jacobi,878,,
14627.52789,jacobi,879,,
14164.76212,jacobi,880,,
13640.15061,jacobi,881,,
12921.76644,jacobi,882,,
11907.45351,jacobi,883,,
10585.49099,jacobi,884,,
9092.544133,jacobi,885,,
7736.16317,jacobi,886,,
6929.468092,jacobi,887,,
6965.623181,jacobi,888,,
7546.869464,jacobi,889,,
6991.917725,jacobi,890,,
1102.292086,jacobi,891,,
0,time,,,
4,time,,,
2,time,,,
2,time,,,
2,time,,,
5,time,,,
9,time,,,
10,time,,,
11,time,,,
6,time,,,
7,time,,,
8,time,,,
5,time,,,
17,time,,,
39,time,,,
41,time,,,
66,time,,,
52,time,,,
37,time,,,
77,time,,,
104,time,,,
116,time,,,
151,time,,,
132,time,,,
85,time,,,
70,time,,,
168,time,,,
220,time,,,
185,time,,,
224,time,,,
262,time,,,
191,time,,,
166,time,,,
345,time,,,
311,time,,,
382,time,,,
347,time,,,
392,time,,,
250,time,,,
259,time,,,
631,time,,,
515,time,,,
581,time,,,
483,time,,,
572,time,,,
464,time,,,
479,time,,,
953,time,,,
936,time,,,
985,time,,,
996,time,,,
1145,time,,,
815,time,,,
794,time,,,
1521,time,,,
1471,time,,,
1423,time,,,
1506,time,,,
1734,time,,,
1164,time,,,
1117,time,,,
1942,time,,,
1961,time,,,
1948,time,,,
1884,time,,,
1555,time,,,
1493,time,,,
1377,time,,,
2642,time,,,
2234,time,,,
2389,time,,,
2531,time,,,
2530,time,,,
1657,time,,,
1552,time,,,
3118,time,,,
3070,time,,,
3230,time,,,
3217,time,,,
3694,time,,,
2270,time,,,
1739,time,,,
4181,time,,,
3710,time,,,
4052,time,,,
4103,time,,,
4132,time,,,
2416,time,,,
2002,time,,,
4788,time,,,
4423,time,,,
4566,time,,,
4310,time,,,
4468,time,,,
2822,time,,,
2199,time,,,
5453,time,,,
4837,time,,,
5073,time,,,
5013,time,,,
5159,time,,,
3149,time,,,
2468,time,,,
6291,time,,,
5873,time,,,
5826,time,,,
5471,time,,,
5744,time,,,
3231,time,,,
2702,time,,,
6690,time,,,
6476,time,,,
6180,time,,,
6146,time,,,
6162,time,,,
3736,time,,,
2610,time,,,
7014,time,,,
6617,time,,,
6369,time,,,
6342,time,,,
6618,time,,,
3779,time,,,
3065,time,,,
7563,time,,,
7229,time,,,
7696,time,,,
7100,time,,,
7121,time,,,
3760,time,,,
3103,time,,,
7883,time,,,
7927,time,,,
7453,time,,,
7059,time,,,
7221,time,,,
3927,time,,,
3278,time,,,
8927,time,,,
8463,time,,,
8864,time,,,
8266,time,,,
8050,time,,,
4453,time,,,
3501,time,,,
9133,time,,,
8660,time,,,
8304,time,,,
8097,time,,,
8029,time,,,
4211,time,,,
3070,time,,,
8527,time,,,
8202,time,,,
7674,time,,,
7576,time,,,
6739,time,,,
3834,time,,,
2563,time,,,
7537,time,,,
7393,time,,,
7179,time,,,
6678,time,,,
6630,time,,,
3682,time,,,
2442,time,,,
7271,time,,,
6881,time,,,
6501,time,,,
6456,time,,,
6219,time,,,
3255,time,,,
2340,time,,,
6903,time,,,
6732,time,,,
6299,time,,,
6031,time,,,
6307,time,,,
3163,time,,,
2356,time,,,
7099,time,,,
6697,time,,,
7037,time,,,
6541,time,,,
6337,time,,,
3167,time,,,
2245,time,,,
7044,time,,,
7155,time,,,
6921,time,,,
6300,time,,,
6041,time,,,
2906,time,,,
2098,time,,,
6428,time,,,
6629,time,,,
6065,time,,,
5707,time,,,
5506,time,,,
2815,time,,,
1918,time,,,
6273,time,,,
4372,time,,,
2251,time,,,
6416,time,,,
5614,time,,,
2822,time,,,
1865,time,,,
6323,time,,,
6177,time,,,
5834,time,,,
5408,time,,,
5287,time,,,
2671,time,,,
1840,time,,,
6304,time,,,
5964,time,,,
5558,time,,,
5293,time,,,
5006,time,,,
2458,time,,,
1769,time,,,
5934,time,,,
5956,time,,,
5775,time,,,
5513,time,,,
5666,time,,,
3041,time,,,
2218,time,,,
6827,time,,,
7135,time,,,
6476,time,,,
6466,time,,,
6615,time,,,
3354,time,,,
2369,time,,,
8233,time,,,
8394,time,,,
7420,time,,,
7296,time,,,
7235,time,,,
3503,time,,,
2474,time,,,
8411,time,,,
7949,time,,,
7185,time,,,
6873,time,,,
6284,time,,,
3019,time,,,
2172,time,,,
5171,time,,,
8087,time,,,
7637,time,,,
7557,time,,,
7098,time,,,
3545,time,,,
2652,time,,,
8974,time,,,
8939,time,,,
8358,time,,,
8151,time,,,
7581,time,,,
3908,time,,,
2641,time,,,
3313,time,,,
9625,time,,,
8719,time,,,
8215,time,,,
8395,time,,,
4220,time,,,
2785,time,,,
10361,time,,,
10287,time,,,
9586,time,,,
9600,time,,,
9618,time,,,
4896,time,,,
3013,time,,,
10934,time,,,
11633,time,,,
11466,time,,,
11219,time,,,
10915,time,,,
5998,time,,,
3178,time,,,
13110,time,,,
13007,time,,,
12502,time,,,
12756,time,,,
12499,time,,,
6902,time,,,
3422,time,,,
14381,time,,,
14046,time,,,
13331,time,,,
12800,time,,,
12551,time,,,
6616,time,,,
3799,time,,,
14476,time,,,
13887,time,,,
12823,time,,,
10480,time,,,
2735,time,,,
5933,time,,,
4397,time,,,
16224,time,,,
16099,time,,,
14728,time,,,
12083,time,,,
3413,time,,,
6948,time,,,
5274,time,,,
18556,time,,,
18821,time,,,
18409,time,,,
18766,time,,,
18601,time,,,
9842,time,,,
5663,time,,,
21044,time,,,
19503,time,,,
18651,time,,,
18370,time,,,
17514,time,,,
9441,time,,,
5329,time,,,
19675,time,,,
19046,time,,,
17478,time,,,
16925,time,,,
16480,time,,,
8803,time,,,
4748,time,,,
18196,time,,,
17063,time,,,
14919,time,,,
14026,time,,,
12367,time,,,
6812,time,,,
3709,time,,,
4722,time,,,
13447,time,,,
11873,time,,,
10835,time,,,
10200,time,,,
5345,time,,,
2762,time,,,
11671,time,,,
9323,time,,,
8532,time,,,
7836,time,,,
7723,time,,,
4001,time,,,
2172,time,,,
8342,time,,,
7802,time,,,
7038,time,,,
6982,time,,,
6799,time,,,
3433,time,,,
2050,time,,,
8649,time,,,
7520,time,,,
6878,time,,,
6788,time,,,
6886,time,,,
3509,time,,,
2116,time,,,
8675,time,,,
6955,time,,,
6589,time,,,
6334,time,,,
6013,time,,,
3066,time,,,
2001,time,,,
7093,time,,,
5976,time,,,
5529,time,,,
5373,time,,,
5267,time,,,
2671,time,,,
1562,time,,,
2150,time,,,
6784,time,,,
5314,time,,,
5042,time,,,
4777,time,,,
2441,time,,,
1559,time,,,
5947,time,,,
5223,time,,,
4670,time,,,
4623,time,,,
4201,time,,,
2263,time,,,
1328,time,,,
5317,time,,,
4462,time,,,
4047,time,,,
2096,time,,,
1706,time,,,
1617,time,,,
1434,time,,,
5561,time,,,
4658,time,,,
4425,time,,,
4253,time,,,
4063,time,,,
2231,time,,,
1210,time,,,
5099,time,,,
4257,time,,,
3852,time,,,
3783,time,,,
3334,time,,,
1690,time,,,
1101,time,,,
4350,time,,,
3666,time,,,
3639,time,,,
3287,time,,,
3191,time,,,
1748,time,,,
1072,time,,,
3996,time,,,
3460,time,,,
3184,time,,,
2981,time,,,
2701,time,,,
1002,time,,,
956,time,,,
3439,time,,,
2905,time,,,
2590,time,,,
2779,time,,,
2502,time,,,
1280,time,,,
782,time,,,
1731,time,,,
3199,time,,,
2635,time,,,
2374,time,,,
2481,time,,,
1212,time,,,
773,time,,,
2894,time,,,
2581,time,,,
2489,time,,,
2413,time,,,
2388,time,,,
1150,time,,,
799,time,,,
2956,time,,,
2717,time,,,
2634,time,,,
2558,time,,,
2499,time,,,
1139,time,,,
932,time,,,
3080,time,,,
2808,time,,,
2812,time,,,
2655,time,,,
2767,time,,,
1350,time,,,
843,time,,,
3683,time,,,
3589,time,,,
3389,time,,,
3308,time,,,
3289,time,,,
1710,time,,,
1095,time,,,
4217,time,,,
3877,time,,,
3937,time,,,
3970,time,,,
3973,time,,,
2064,time,,,
1272,time,,,
5314,time,,,
5178,time,,,
5344,time,,,
5343,time,,,
5223,time,,,
2749,time,,,
1708,time,,,
6965,time,,,
6439,time,,,
6263,time,,,
6527,time,,,
6771,time,,,
3466,time,,,
2268,time,,,
9302,time,,,
9318,time,,,
10106,time,,,
10118,time,,,
10529,time,,,
5323,time,,,
3528,time,,,
13965,time,,,
14070,time,,,
13947,time,,,
13582,time,,,
14100,time,,,
6905,time,,,
4688,time,,,
18208,time,,,
18365,time,,,
17946,time,,,
18864,time,,,
18020,time,,,
8730,time,,,
6386,time,,,
22782,time,,,
22172,time,,,
20708,time,,,
21408,time,,,
20126,time,,,
9386,time,,,
7335,time,,,
23616,time,,,
22984,time,,,
21738,time,,,
21974,time,,,
21245,time,,,
10089,time,,,
7570,time,,,
25605,time,,,
24742,time,,,
23151,time,,,
22322,time,,,
21661,time,,,
9525,time,,,
6787,time,,,
24481,time,,,
22004,time,,,
20961,time,,,
19076,time,,,
18049,time,,,
7668,time,,,
5924,time,,,
21305,time,,,
18781,time,,,
17319,time,,,
16288,time,,,
15730,time,,,
7062,time,,,
4814,time,,,
17773,time,,,
15638,time,,,
14760,time,,,
13942,time,,,
13353,time,,,
6367,time,,,
4201,time,,,
16005,time,,,
13468,time,,,
12203,time,,,
12148,time,,,
11876,time,,,
5233,time,,,
3746,time,,,
13860,time,,,
11763,time,,,
7729,time,,,
3838,time,,,
11773,time,,,
4722,time,,,
3242,time,,,
12795,time,,,
10460,time,,,
9954,time,,,
8866,time,,,
8828,time,,,
3794,time,,,
2744,time,,,
10325,time,,,
7899,time,,,
7358,time,,,
6484,time,,,
6152,time,,,
2819,time,,,
2138,time,,,
7853,time,,,
6564,time,,,
6102,time,,,
5493,time,,,
5220,time,,,
2418,time,,,
2031,time,,,
6758,time,,,
5426,time,,,
4875,time,,,
4866,time,,,
4685,time,,,
1870,time,,,
1406,time,,,
5569,time,,,
4541,time,,,
4268,time,,,
4120,time,,,
3980,time,,,
1705,time,,,
1296,time,,,
5252,time,,,
4206,time,,,
3847,time,,,
3653,time,,,
3485,time,,,
1286,time,,,
966,time,,,
3467,time,,,
2562,time,,,
3875,time,,,
3520,time,,,
3231,time,,,
1403,time,,,
1030,time,,,
4213,time,,,
3579,time,,,
3346,time,,,
3323,time,,,
3107,time,,,
1223,time,,,
868,time,,,
1381,time,,,
3938,time,,,
3605,time,,,
3235,time,,,
2978,time,,,
1294,time,,,
982,time,,,
4391,time,,,
3526,time,,,
3236,time,,,
3135,time,,,
2785,time,,,
1152,time,,,
1005,time,,,
3916,time,,,
3190,time,,,
3044,time,,,
3163,time,,,
2777,time,,,
1061,time,,,
878,time,,,
3749,time,,,
3255,time,,,
2935,time,,,
2814,time,,,
2788,time,,,
926,time,,,
906,time,,,
3322,time,,,
2834,time,,,
2828,time,,,
2770,time,,,
2542,time,,,
1156,time,,,
987,time,,,
3820,time,,,
3648,time,,,
3939,time,,,
4134,time,,,
3317,time,,,
1113,time,,,
2012,time,,,
8260,time,,,
9830,time,,,
11627,time,,,
12780,time,,,
11297,time,,,
3741,time,,,
5841,time,,,
24176,time,,,
32186,time,,,
38802,time,,,
42482,time,,,
46432,time,,,
22501,time,,,
18911,time,,,
68648,time,,,
71624,time,,,
75449,time,,,
74566,time,,,
73249,time,,,
31259,time,,,
23799,time,,,
80734,time,,,
75021,time,,,
70825,time,,,
65490,time,,,
57700,time,,,
25157,time,,,
18960,time,,,
61833,time,,,
51031,time,,,
46071,time,,,
41128,time,,,
36189,time,,,
16560,time,,,
12205,time,,,
37372,time,,,
29118,time,,,
26483,time,,,
23079,time,,,
19822,time,,,
8659,time,,,
6448,time,,,
9538,time,,,
19737,time,,,
14766,time,,,
13509,time,,,
12259,time,,,
5755,time,,,
4773,time,,,
13140,time,,,
10180,time,,,
9613,time,,,
9174,time,,,
8027,time,,,
3534,time,,,
3080,time,,,
8037,time,,,
6297,time,,,
5849,time,,,
5274,time,,,
4371,time,,,
1682,time,,,
1382,time,,,
5124,time,,,
3555,time,,,
3124,time,,,
3193,time,,,
2722,time,,,
1089,time,,,
888,time,,,
3002,time,,,
2403,time,,,
2364,time,,,
2216,time,,,
1831,time,,,
741,time,,,
674,time,,,
2219,time,,,
1854,time,,,
1528,time,,,
1495,time,,,
1314,time,,,
478,time,,,
317,time,,,
573,time,,,
1659,time,,,
1323,time,,,
1183,time,,,
1139,time,,,
379,time,,,
346,time,,,
1416,time,,,
1204,time,,,
1151,time,,,
1000,time,,,
747,time,,,
331,time,,,
275,time,,,
1016,time,,,
790,time,,,
790,time,,,
755,time,,,
693,time,,,
294,time,,,
250,time,,,
778,time,,,
663,time,,,
630,time,,,
272,time,,,
224,time,,,
187,time,,,
207,time,,,
846,time,,,
571,time,,,
723,time,,,
551,time,,,
560,time,,,
261,time,,,
319,time,,,
832,time,,,
656,time,,,
640,time,,,
573,time,,,
516,time,,,
214,time,,,
209,time,,,
801,time,,,
765,time,,,
726,time,,,
644,time,,,
717,time,,,
262,time,,,
252,time,,,
1026,time,,,
459,time,,,
1097,time,,,
986,time,,,
970,time,,,
391,time,,,
329,time,,,
1389,time,,,
1295,time,,,
1379,time,,,
1404,time,,,
1357,time,,,
584,time,,,
547,time,,,
2241,time,,,
2037,time,,,
2272,time,,,
2145,time,,,
2131,time,,,
919,time,,,
866,time,,,
3385,time,,,
3412,time,,,
3589,time,,,
3411,time,,,
3563,time,,,
1543,time,,,
1336,time,,,
6108,time,,,
5723,time,,,
6547,time,,,
6255,time,,,
6287,time,,,
2556,time,,,
2157,time,,,
9838,time,,,
9318,time,,,
9954,time,,,
9739,time,,,
10303,time,,,
4260,time,,,
3603,time,,,
16629,time,,,
16442,time,,,
17733,time,,,
18106,time,,,
18688,time,,,
7695,time,,,
7018,time,,,
27458,time,,,
26382,time,,,
26939,time,,,
26905,time,,,
26372,time,,,
10639,time,,,
9235,time,,,
36314,time,,,
34654,time,,,
35035,time,,,
33907,time,,,
31504,time,,,
12241,time,,,
10700,time,,,
41344,time,,,
36638,time,,,
34540,time,,,
32211,time,,,
28583,time,,,
10970,time,,,
9019,time,,,
34859,time,,,
29228,time,,,
28232,time,,,
24642,time,,,
21418,time,,,
8145,time,,,
6167,time,,,
23760,time,,,
19089,time,,,
16692,time,,,
13980,time,,,
11391,time,,,
4245,time,,,
3584,time,,,
13316,time,,,
9479,time,,,
4504,time,,,
2,time,,,
